{
  "k_range": [
    2,
    3,
    4,
    5,
    6,
    7
  ],
  "inertias": [
    57591.14361422363,
    46420.030095126946,
    43266.35442768012,
    40860.746994632456,
    38664.902991791896,
    36719.059419654244
  ],
  "silhouette_scores": [
    0.2981,
    0.31,
    0.1606,
    0.1544,
    0.1514,
    0.1551
  ]
}