{
  "k_range": [
    2,
    3,
    4,
    5,
    6
  ],
  "inertias": [
    213145.52064442995,
    165734.63893303912,
    129853.51453733727,
    107738.78630981794,
    96649.87588568109
  ],
  "silhouette_scores": [
    0.368028585057325,
    0.40923738382748875,
    0.3322208419380587,
    0.32680373639139615,
    0.3218173313632989
  ]
}