{
  "imbalance_analysis": {
    "total": 64000,
    "churn": 11520,
    "non_churn": 52480,
    "minority_pct": 18.0,
    "majority_pct": 82.0,
    "imbalance_ratio": 4.6,
    "severity": "Nghiêm trọng (Nguy cơ Model bị Mù)"
  },
  "methods_comparison": {
    "Baseline": {
      "method": "Baseline (Bỏ mặc)",
      "accuracy": 0.8399531249999999,
      "precision": 0.616899903967445,
      "recall": 0.2924479166666667,
      "f1": 0.39678834420828635,
      "roc_auc": 0.8533263333121612,
      "description": "5-Fold CV metrics"
    },
    "Class Weights": {
      "method": "Class Weights (Tán xạ tự nhiên)",
      "accuracy": 0.7508125,
      "precision": 0.40328055603394397,
      "recall": 0.8012152777777779,
      "f1": 0.5364904894208167,
      "roc_auc": 0.8533630950017997,
      "description": "5-Fold CV metrics"
    },
    "SMOTE Pipeline": {
      "method": "SMOTE (Nội suy Không gian)",
      "accuracy": 0.754265625,
      "precision": 0.4060491111751879,
      "recall": 0.7891493055555555,
      "f1": 0.5361767175158562,
      "roc_auc": 0.8493056796107512,
      "description": "5-Fold CV metrics"
    }
  },
  "best_methods": {
    "best_f1": "Class Weights (Tán xạ tự nhiên)",
    "best_recall": "Class Weights (Tán xạ tự nhiên)"
  }
}